{
  "figure_id": "j3-backfill-recovery",
  "dpi": 150.0,
  "figsize_in": [
    3.54,
    2.4779999999999998
  ],
  "texts": [
    {
      "axes_index": 0,
      "origin": "user",
      "text": "$R_{T4} = 41\\%$",
      "x0": 268.764783663098,
      "y0": 258.84689714469926,
      "x1": 350.20405368262925,
      "y1": 279.85842058219924,
      "fontsize_pt": 8.5,
      "axes_bbox": [
        83.18750000000001,
        92.18401870829558,
        414.987725594488,
        364.2
      ]
    },
    {
      "axes_index": 0,
      "origin": "user",
      "text": "$R_{T5} = 158\\%$\n($+1.49\\%$ overshoot)",
      "x0": 376.1101234036187,
      "y0": 283.69386533481156,
      "x1": 523.546494253228,
      "y1": 329.28663877231156,
      "fontsize_pt": 8.5,
      "axes_bbox": [
        83.18750000000001,
        92.18401870829558,
        414.987725594488,
        364.2
      ]
    },
    {
      "axes_index": 0,
      "origin": "legend",
      "text": "T4 (dense sat.)",
      "x0": 143.1875,
      "y0": 133.79339370829558,
      "x1": 254.0625,
      "y1": 151.96526870829558,
      "fontsize_pt": 9.0,
      "axes_bbox": [
        83.18750000000001,
        92.18401870829558,
        414.987725594488,
        364.2
      ]
    },
    {
      "axes_index": 0,
      "origin": "legend",
      "text": "T5 (loose sat.)",
      "x0": 143.1875,
      "y0": 109.05901870829558,
      "x1": 251.1875,
      "y1": 127.23089370829558,
      "fontsize_pt": 9.0,
      "axes_bbox": [
        83.18750000000001,
        92.18401870829558,
        414.987725594488,
        364.2
      ]
    }
  ]
}