{
  "figure_id": "j2-vh-envelope",
  "dpi": 150.0,
  "figsize_in": [
    5.51,
    4.408
  ],
  "texts": [
    {
      "axes_index": 0,
      "origin": "legend",
      "text": "S = 0 m",
      "x0": 129.125,
      "y0": 133.125,
      "x1": 188.25,
      "y1": 151.125,
      "fontsize_pt": 9.0,
      "axes_bbox": [
        69.12500000000001,
        67.125,
        818.9999999999999,
        653.6999999999999
      ]
    },
    {
      "axes_index": 0,
      "origin": "legend",
      "text": "S = 2.5 m",
      "x0": 129.125,
      "y0": 108.5625,
      "x1": 202.625,
      "y1": 126.5625,
      "fontsize_pt": 9.0,
      "axes_bbox": [
        69.12500000000001,
        67.125,
        818.9999999999999,
        653.6999999999999
      ]
    },
    {
      "axes_index": 0,
      "origin": "legend",
      "text": "S = 5 m",
      "x0": 129.125,
      "y0": 84.0,
      "x1": 188.5,
      "y1": 102.0,
      "fontsize_pt": 9.0,
      "axes_bbox": [
        69.12500000000001,
        67.125,
        818.9999999999999,
        653.6999999999999
      ]
    }
  ]
}