{
  "tier": 2,
  "paper": "J3",
  "slug": "powerlaw-exponent",
  "generated_utc": "2026-04-19T11:34:38Z",
  "primary_source": {
    "kind": "manuscript_revision",
    "manuscript_ref": "paperJ3_oe02685/manuscript.qmd \u00a75 + code/generate_revision_figures.py::fig_powerlaw_exponent"
  },
  "fit_law": "|df/f_0|% = a * (S/D)^b  (scipy curve_fit)",
  "series": {
    "T1": {
      "SD": [
        0.2,
        0.34,
        0.49
      ],
      "df_pct": [
        1.88,
        3.13,
        5.0
      ]
    },
    "T2": {
      "SD": [
        0.3,
        0.43,
        0.61
      ],
      "df_pct": [
        1.32,
        2.63,
        5.26
      ]
    },
    "T3": {
      "SD": [
        0.29,
        0.49,
        0.56
      ],
      "df_pct": [
        1.95,
        3.9,
        5.19
      ]
    },
    "T4": {
      "SD": [
        0.19,
        0.39,
        0.58
      ],
      "df_pct": [
        0.35,
        0.61,
        0.85
      ]
    },
    "T5": {
      "SD": [
        0.19,
        0.39,
        0.58
      ],
      "df_pct": [
        0.52,
        1.24,
        2.58
      ]
    }
  },
  "exponents": {
    "T1": 1.1401905019001497,
    "T2": 1.9634895581811282,
    "T3": 1.5242337745183807,
    "T4": 0.8020650153982728,
    "T5": 1.631848901881275
  },
  "mean_b": 1.4123655503758412,
  "std_b": 0.4027334386779614,
  "b_clay_reference": 1.47,
  "rows": 5,
  "columns": [
    "test_id",
    "label",
    "density",
    "saturation",
    "s_over_d_max",
    "power_a",
    "power_b",
    "mean_b",
    "std_b",
    "b_clay"
  ]
}